{"__symbolic":"module","version":1,"metadata":{"NgClass":{"__symbolic":"class","decorators":[{"__symbolic":"call","expression":{"__symbolic":"reference","module":"@angular/core","name":"Directive"},"arguments":[{"selector":"[ngClass]"}]}],"members":{"__ctor__":[{"__symbolic":"constructor","parameters":[{"__symbolic":"reference","module":"@angular/core","name":"IterableDiffers"},{"__symbolic":"reference","module":"@angular/core","name":"KeyValueDiffers"},{"__symbolic":"reference","module":"@angular/core","name":"ElementRef"},{"__symbolic":"reference","module":"@angular/core","name":"Renderer"}]}],"initialClasses":[{"__symbolic":"property","decorators":[{"__symbolic":"call","expression":{"__symbolic":"reference","module":"@angular/core","name":"Input"},"arguments":["class"]}]}],"ngClass":[{"__symbolic":"property","decorators":[{"__symbolic":"call","expression":{"__symbolic":"reference","module":"@angular/core","name":"Input"}}]}],"ngDoCheck":[{"__symbolic":"method"}],"_cleanupClasses":[{"__symbolic":"method"}],"_applyKeyValueChanges":[{"__symbolic":"method"}],"_applyIterableChanges":[{"__symbolic":"method"}],"_applyInitialClasses":[{"__symbolic":"method"}],"_applyClasses":[{"__symbolic":"method"}],"_toggleClass":[{"__symbolic":"method"}]}}}}