{"__symbolic":"module","version":1,"metadata":{"NgSwitch":{"__symbolic":"class","decorators":[{"__symbolic":"call","expression":{"__symbolic":"reference","module":"@angular/core","name":"Directive"},"arguments":[{"selector":"[ngSwitch]"}]}],"members":{"ngSwitch":[{"__symbolic":"property","decorators":[{"__symbolic":"call","expression":{"__symbolic":"reference","module":"@angular/core","name":"Input"}}]}],"_onCaseValueChanged":[{"__symbolic":"method"}],"_emptyAllActiveViews":[{"__symbolic":"method"}],"_activateViews":[{"__symbolic":"method"}],"_registerView":[{"__symbolic":"method"}],"_deregisterView":[{"__symbolic":"method"}]}},"NgSwitchCase":{"__symbolic":"class","decorators":[{"__symbolic":"call","expression":{"__symbolic":"reference","module":"@angular/core","name":"Directive"},"arguments":[{"selector":"[ngSwitchCase],[ngSwitchWhen]"}]}],"members":{"__ctor__":[{"__symbolic":"constructor","parameterDecorators":[null,null,[{"__symbolic":"call","expression":{"__symbolic":"reference","module":"@angular/core","name":"Host"}}]],"parameters":[{"__symbolic":"reference","module":"@angular/core","name":"ViewContainerRef"},{"__symbolic":"reference","module":"@angular/core","name":"TemplateRef","arguments":[{"__symbolic":"reference","name":"Object"}]},{"__symbolic":"reference","name":"NgSwitch"}]}],"ngSwitchCase":[{"__symbolic":"property","decorators":[{"__symbolic":"call","expression":{"__symbolic":"reference","module":"@angular/core","name":"Input"}}]}],"ngSwitchWhen":[{"__symbolic":"property","decorators":[{"__symbolic":"call","expression":{"__symbolic":"reference","module":"@angular/core","name":"Input"}}]}]}},"NgSwitchDefault":{"__symbolic":"class","decorators":[{"__symbolic":"call","expression":{"__symbolic":"reference","module":"@angular/core","name":"Directive"},"arguments":[{"selector":"[ngSwitchDefault]"}]}],"members":{"__ctor__":[{"__symbolic":"constructor","parameterDecorators":[null,null,[{"__symbolic":"call","expression":{"__symbolic":"reference","module":"@angular/core","name":"Host"}}]],"parameters":[{"__symbolic":"reference","module":"@angular/core","name":"ViewContainerRef"},{"__symbolic":"reference","module":"@angular/core","name":"TemplateRef","arguments":[{"__symbolic":"reference","name":"Object"}]},{"__symbolic":"reference","name":"NgSwitch"}]}]}}}}