{"__symbolic":"module","version":1,"metadata":{"DatePipe":{"__symbolic":"class","decorators":[{"__symbolic":"call","expression":{"__symbolic":"reference","module":"@angular/core","name":"Pipe"},"arguments":[{"name":"date","pure":true}]}],"members":{"transform":[{"__symbolic":"method"}],"supports":[{"__symbolic":"method"}]},"statics":{"_ALIASES":{"medium":"yMMMdjms","short":"yMdjm","fullDate":"yMMMMEEEEd","longDate":"yMMMMd","mediumDate":"yMMMd","shortDate":"yMd","mediumTime":"jms","shortTime":"jm"}}}}}