{"__symbolic":"module","version":1,"metadata":{"isDefaultChangeDetectionStrategy":{"__symbolic":"select","expression":{"__symbolic":"reference","module":"@angular/core","name":"___core_private__"},"member":"isDefaultChangeDetectionStrategy"},"ChangeDetectorStatus":{"__symbolic":"select","expression":{"__symbolic":"reference","module":"@angular/core","name":"___core_private__"},"member":"ChangeDetectorStatus"},"CHANGE_DETECTION_STRATEGY_VALUES":{"__symbolic":"select","expression":{"__symbolic":"reference","module":"@angular/core","name":"___core_private__"},"member":"CHANGE_DETECTION_STRATEGY_VALUES"},"constructDependencies":{"__symbolic":"select","expression":{"__symbolic":"reference","module":"@angular/core","name":"___core_private__"},"member":"constructDependencies"},"LifecycleHooks":{"__symbolic":"select","expression":{"__symbolic":"reference","module":"@angular/core","name":"___core_private__"},"member":"LifecycleHooks"},"LIFECYCLE_HOOKS_VALUES":{"__symbolic":"select","expression":{"__symbolic":"reference","module":"@angular/core","name":"___core_private__"},"member":"LIFECYCLE_HOOKS_VALUES"},"ReflectorReader":{"__symbolic":"select","expression":{"__symbolic":"reference","module":"@angular/core","name":"___core_private__"},"member":"ReflectorReader"},"AppElement":{"__symbolic":"select","expression":{"__symbolic":"reference","module":"@angular/core","name":"___core_private__"},"member":"AppElement"},"CodegenComponentFactoryResolver":{"__symbolic":"select","expression":{"__symbolic":"reference","module":"@angular/core","name":"___core_private__"},"member":"CodegenComponentFactoryResolver"},"AppView":{"__symbolic":"select","expression":{"__symbolic":"reference","module":"@angular/core","name":"___core_private__"},"member":"AppView"},"DebugAppView":{"__symbolic":"select","expression":{"__symbolic":"reference","module":"@angular/core","name":"___core_private__"},"member":"DebugAppView"},"NgModuleInjector":{"__symbolic":"select","expression":{"__symbolic":"reference","module":"@angular/core","name":"___core_private__"},"member":"NgModuleInjector"},"ViewType":{"__symbolic":"select","expression":{"__symbolic":"reference","module":"@angular/core","name":"___core_private__"},"member":"ViewType"},"MAX_INTERPOLATION_VALUES":{"__symbolic":"select","expression":{"__symbolic":"reference","module":"@angular/core","name":"___core_private__"},"member":"MAX_INTERPOLATION_VALUES"},"checkBinding":{"__symbolic":"select","expression":{"__symbolic":"reference","module":"@angular/core","name":"___core_private__"},"member":"checkBinding"},"flattenNestedViewRenderNodes":{"__symbolic":"select","expression":{"__symbolic":"reference","module":"@angular/core","name":"___core_private__"},"member":"flattenNestedViewRenderNodes"},"interpolate":{"__symbolic":"select","expression":{"__symbolic":"reference","module":"@angular/core","name":"___core_private__"},"member":"interpolate"},"ViewUtils":{"__symbolic":"select","expression":{"__symbolic":"reference","module":"@angular/core","name":"___core_private__"},"member":"ViewUtils"},"VIEW_ENCAPSULATION_VALUES":{"__symbolic":"select","expression":{"__symbolic":"reference","module":"@angular/core","name":"___core_private__"},"member":"VIEW_ENCAPSULATION_VALUES"},"DebugContext":{"__symbolic":"select","expression":{"__symbolic":"reference","module":"@angular/core","name":"___core_private__"},"member":"DebugContext"},"StaticNodeDebugInfo":{"__symbolic":"select","expression":{"__symbolic":"reference","module":"@angular/core","name":"___core_private__"},"member":"StaticNodeDebugInfo"},"devModeEqual":{"__symbolic":"select","expression":{"__symbolic":"reference","module":"@angular/core","name":"___core_private__"},"member":"devModeEqual"},"UNINITIALIZED":{"__symbolic":"select","expression":{"__symbolic":"reference","module":"@angular/core","name":"___core_private__"},"member":"UNINITIALIZED"},"ValueUnwrapper":{"__symbolic":"select","expression":{"__symbolic":"reference","module":"@angular/core","name":"___core_private__"},"member":"ValueUnwrapper"},"TemplateRef_":{"__symbolic":"select","expression":{"__symbolic":"reference","module":"@angular/core","name":"___core_private__"},"member":"TemplateRef_"},"RenderDebugInfo":{"__symbolic":"select","expression":{"__symbolic":"reference","module":"@angular/core","name":"___core_private__"},"member":"RenderDebugInfo"},"createProvider":{"__symbolic":"select","expression":{"__symbolic":"reference","module":"@angular/core","name":"___core_private__"},"member":"createProvider"},"isProviderLiteral":{"__symbolic":"select","expression":{"__symbolic":"reference","module":"@angular/core","name":"___core_private__"},"member":"isProviderLiteral"},"EMPTY_ARRAY":{"__symbolic":"select","expression":{"__symbolic":"reference","module":"@angular/core","name":"___core_private__"},"member":"EMPTY_ARRAY"},"EMPTY_MAP":{"__symbolic":"select","expression":{"__symbolic":"reference","module":"@angular/core","name":"___core_private__"},"member":"EMPTY_MAP"},"pureProxy1":{"__symbolic":"select","expression":{"__symbolic":"reference","module":"@angular/core","name":"___core_private__"},"member":"pureProxy1"},"pureProxy2":{"__symbolic":"select","expression":{"__symbolic":"reference","module":"@angular/core","name":"___core_private__"},"member":"pureProxy2"},"pureProxy3":{"__symbolic":"select","expression":{"__symbolic":"reference","module":"@angular/core","name":"___core_private__"},"member":"pureProxy3"},"pureProxy4":{"__symbolic":"select","expression":{"__symbolic":"reference","module":"@angular/core","name":"___core_private__"},"member":"pureProxy4"},"pureProxy5":{"__symbolic":"select","expression":{"__symbolic":"reference","module":"@angular/core","name":"___core_private__"},"member":"pureProxy5"},"pureProxy6":{"__symbolic":"select","expression":{"__symbolic":"reference","module":"@angular/core","name":"___core_private__"},"member":"pureProxy6"},"pureProxy7":{"__symbolic":"select","expression":{"__symbolic":"reference","module":"@angular/core","name":"___core_private__"},"member":"pureProxy7"},"pureProxy8":{"__symbolic":"select","expression":{"__symbolic":"reference","module":"@angular/core","name":"___core_private__"},"member":"pureProxy8"},"pureProxy9":{"__symbolic":"select","expression":{"__symbolic":"reference","module":"@angular/core","name":"___core_private__"},"member":"pureProxy9"},"pureProxy10":{"__symbolic":"select","expression":{"__symbolic":"reference","module":"@angular/core","name":"___core_private__"},"member":"pureProxy10"},"castByValue":{"__symbolic":"select","expression":{"__symbolic":"reference","module":"@angular/core","name":"___core_private__"},"member":"castByValue"},"Console":{"__symbolic":"select","expression":{"__symbolic":"reference","module":"@angular/core","name":"___core_private__"},"member":"Console"},"reflector":{"__symbolic":"select","expression":{"__symbolic":"reference","module":"@angular/core","name":"___core_private__"},"member":"reflector"},"Reflector":{"__symbolic":"select","expression":{"__symbolic":"reference","module":"@angular/core","name":"___core_private__"},"member":"Reflector"},"ReflectionCapabilities":{"__symbolic":"select","expression":{"__symbolic":"reference","module":"@angular/core","name":"___core_private__"},"member":"ReflectionCapabilities"},"NoOpAnimationPlayer":{"__symbolic":"select","expression":{"__symbolic":"reference","module":"@angular/core","name":"___core_private__"},"member":"NoOpAnimationPlayer"},"AnimationPlayer":{"__symbolic":"select","expression":{"__symbolic":"reference","module":"@angular/core","name":"___core_private__"},"member":"AnimationPlayer"},"AnimationSequencePlayer":{"__symbolic":"select","expression":{"__symbolic":"reference","module":"@angular/core","name":"___core_private__"},"member":"AnimationSequencePlayer"},"AnimationGroupPlayer":{"__symbolic":"select","expression":{"__symbolic":"reference","module":"@angular/core","name":"___core_private__"},"member":"AnimationGroupPlayer"},"AnimationKeyframe":{"__symbolic":"select","expression":{"__symbolic":"reference","module":"@angular/core","name":"___core_private__"},"member":"AnimationKeyframe"},"AnimationStyles":{"__symbolic":"select","expression":{"__symbolic":"reference","module":"@angular/core","name":"___core_private__"},"member":"AnimationStyles"},"ANY_STATE":{"__symbolic":"select","expression":{"__symbolic":"reference","module":"@angular/core","name":"___core_private__"},"member":"ANY_STATE"},"DEFAULT_STATE":{"__symbolic":"select","expression":{"__symbolic":"reference","module":"@angular/core","name":"___core_private__"},"member":"DEFAULT_STATE"},"EMPTY_STATE":{"__symbolic":"select","expression":{"__symbolic":"reference","module":"@angular/core","name":"___core_private__"},"member":"EMPTY_STATE"},"FILL_STYLE_FLAG":{"__symbolic":"select","expression":{"__symbolic":"reference","module":"@angular/core","name":"___core_private__"},"member":"FILL_STYLE_FLAG"},"prepareFinalAnimationStyles":{"__symbolic":"select","expression":{"__symbolic":"reference","module":"@angular/core","name":"___core_private__"},"member":"prepareFinalAnimationStyles"},"balanceAnimationKeyframes":{"__symbolic":"select","expression":{"__symbolic":"reference","module":"@angular/core","name":"___core_private__"},"member":"balanceAnimationKeyframes"},"flattenStyles":{"__symbolic":"select","expression":{"__symbolic":"reference","module":"@angular/core","name":"___core_private__"},"member":"flattenStyles"},"clearStyles":{"__symbolic":"select","expression":{"__symbolic":"reference","module":"@angular/core","name":"___core_private__"},"member":"clearStyles"},"collectAndResolveStyles":{"__symbolic":"select","expression":{"__symbolic":"reference","module":"@angular/core","name":"___core_private__"},"member":"collectAndResolveStyles"},"renderStyles":{"__symbolic":"select","expression":{"__symbolic":"reference","module":"@angular/core","name":"___core_private__"},"member":"renderStyles"}}}