{"__symbolic":"module","version":1,"metadata":{"REQUIRED":{"__symbolic":"select","expression":{"__symbolic":"reference","module":"../validators","name":"Validators"},"member":"required"},"REQUIRED_VALIDATOR":{"provide":{"__symbolic":"reference","module":"../validators","name":"NG_VALIDATORS"},"useValue":{"__symbolic":"reference","name":"REQUIRED"},"multi":true},"RequiredValidator":{"__symbolic":"class","decorators":[{"__symbolic":"call","expression":{"__symbolic":"reference","module":"@angular/core","name":"Directive"},"arguments":[{"selector":"[required][ngControl],[required][ngFormControl],[required][ngModel]","providers":[{"__symbolic":"reference","name":"REQUIRED_VALIDATOR"}]}]}]},"MIN_LENGTH_VALIDATOR":{"provide":{"__symbolic":"reference","module":"../validators","name":"NG_VALIDATORS"},"useExisting":{"__symbolic":"reference","name":"MinLengthValidator"},"multi":true},"MinLengthValidator":{"__symbolic":"class","decorators":[{"__symbolic":"call","expression":{"__symbolic":"reference","module":"@angular/core","name":"Directive"},"arguments":[{"selector":"[minlength][ngControl],[minlength][ngFormControl],[minlength][ngModel]","providers":[{"__symbolic":"reference","name":"MIN_LENGTH_VALIDATOR"}]}]}],"members":{"__ctor__":[{"__symbolic":"constructor","parameterDecorators":[[{"__symbolic":"call","expression":{"__symbolic":"reference","module":"@angular/core","name":"Attribute"},"arguments":["minlength"]}]],"parameters":[{"__symbolic":"reference","name":"string"}]}],"validate":[{"__symbolic":"method"}]}},"MAX_LENGTH_VALIDATOR":{"provide":{"__symbolic":"reference","module":"../validators","name":"NG_VALIDATORS"},"useExisting":{"__symbolic":"reference","name":"MaxLengthValidator"},"multi":true},"MaxLengthValidator":{"__symbolic":"class","decorators":[{"__symbolic":"call","expression":{"__symbolic":"reference","module":"@angular/core","name":"Directive"},"arguments":[{"selector":"[maxlength][ngControl],[maxlength][ngFormControl],[maxlength][ngModel]","providers":[{"__symbolic":"reference","name":"MAX_LENGTH_VALIDATOR"}]}]}],"members":{"__ctor__":[{"__symbolic":"constructor","parameterDecorators":[[{"__symbolic":"call","expression":{"__symbolic":"reference","module":"@angular/core","name":"Attribute"},"arguments":["maxlength"]}]],"parameters":[{"__symbolic":"reference","name":"string"}]}],"validate":[{"__symbolic":"method"}]}},"PATTERN_VALIDATOR":{"provide":{"__symbolic":"reference","module":"../validators","name":"NG_VALIDATORS"},"useExisting":{"__symbolic":"reference","name":"PatternValidator"},"multi":true},"PatternValidator":{"__symbolic":"class","decorators":[{"__symbolic":"call","expression":{"__symbolic":"reference","module":"@angular/core","name":"Directive"},"arguments":[{"selector":"[pattern][ngControl],[pattern][ngFormControl],[pattern][ngModel]","providers":[{"__symbolic":"reference","name":"PATTERN_VALIDATOR"}]}]}],"members":{"__ctor__":[{"__symbolic":"constructor","parameterDecorators":[[{"__symbolic":"call","expression":{"__symbolic":"reference","module":"@angular/core","name":"Attribute"},"arguments":["pattern"]}]],"parameters":[{"__symbolic":"reference","name":"string"}]}],"validate":[{"__symbolic":"method"}]}}}}