{"__symbolic":"module","version":1,"metadata":{},"exports":[{"from":"./directives/core_directives","export":["CORE_DIRECTIVES"]},{"from":"./directives/ng_class","export":["NgClass"]},{"from":"./directives/ng_for","export":["NgFor"]},{"from":"./directives/ng_if","export":["NgIf"]},{"from":"./directives/ng_plural","export":["NgPlural","NgPluralCase"]},{"from":"./directives/ng_style","export":["NgStyle"]},{"from":"./directives/ng_switch","export":["NgSwitch","NgSwitchCase","NgSwitchDefault"]},{"from":"./directives/ng_template_outlet","export":["NgTemplateOutlet"]}]}