{"__symbolic":"module","version":1,"metadata":{"FORM_PROVIDERS":[{"__symbolic":"reference","module":"./forms-deprecated/form_builder","name":"FormBuilder"},{"__symbolic":"reference","module":"./forms-deprecated/directives/radio_control_value_accessor","name":"RadioControlRegistry"}],"DeprecatedFormsModule":{"__symbolic":"class","decorators":[{"__symbolic":"call","expression":{"__symbolic":"reference","module":"@angular/core","name":"NgModule"},"arguments":[{"providers":[{"__symbolic":"reference","name":"FORM_PROVIDERS"}],"declarations":{"__symbolic":"reference","module":"./forms-deprecated/directives","name":"FORM_DIRECTIVES"},"exports":{"__symbolic":"reference","module":"./forms-deprecated/directives","name":"FORM_DIRECTIVES"}}]}]}},"exports":[{"from":"./forms-deprecated/directives","export":["FORM_DIRECTIVES","RadioButtonState"]},{"from":"./forms-deprecated/directives/abstract_control_directive","export":["AbstractControlDirective"]},{"from":"./forms-deprecated/directives/checkbox_value_accessor","export":["CheckboxControlValueAccessor"]},{"from":"./forms-deprecated/directives/control_container","export":["ControlContainer"]},{"from":"./forms-deprecated/directives/control_value_accessor","export":["ControlValueAccessor","NG_VALUE_ACCESSOR"]},{"from":"./forms-deprecated/directives/default_value_accessor","export":["DefaultValueAccessor"]},{"from":"./forms-deprecated/directives/form_interface","export":["Form"]},{"from":"./forms-deprecated/directives/ng_control","export":["NgControl"]},{"from":"./forms-deprecated/directives/ng_control_group","export":["NgControlGroup"]},{"from":"./forms-deprecated/directives/ng_control_name","export":["NgControlName"]},{"from":"./forms-deprecated/directives/ng_control_status","export":["NgControlStatus"]},{"from":"./forms-deprecated/directives/ng_form","export":["NgForm"]},{"from":"./forms-deprecated/directives/ng_form_control","export":["NgFormControl"]},{"from":"./forms-deprecated/directives/ng_form_model","export":["NgFormModel"]},{"from":"./forms-deprecated/directives/ng_model","export":["NgModel"]},{"from":"./forms-deprecated/directives/select_control_value_accessor","export":["NgSelectOption","SelectControlValueAccessor"]},{"from":"./forms-deprecated/directives/validators","export":["MaxLengthValidator","MinLengthValidator","PatternValidator","RequiredValidator","Validator"]},{"from":"./forms-deprecated/form_builder","export":["FormBuilder"]},{"from":"./forms-deprecated/model","export":["AbstractControl","Control","ControlArray","ControlGroup"]},{"from":"./forms-deprecated/validators","export":["NG_ASYNC_VALIDATORS","NG_VALIDATORS","Validators"]}]}