{"__symbolic":"module","version":1,"metadata":{},"exports":[{"from":"./pipes/async_pipe","export":["AsyncPipe"]},{"from":"./pipes/common_pipes","export":["COMMON_PIPES"]},{"from":"./pipes/date_pipe","export":["DatePipe"]},{"from":"./pipes/i18n_plural_pipe","export":["I18nPluralPipe"]},{"from":"./pipes/i18n_select_pipe","export":["I18nSelectPipe"]},{"from":"./pipes/json_pipe","export":["JsonPipe"]},{"from":"./pipes/lowercase_pipe","export":["LowerCasePipe"]},{"from":"./pipes/number_pipe","export":["CurrencyPipe","DecimalPipe","PercentPipe"]},{"from":"./pipes/replace_pipe","export":["ReplacePipe"]},{"from":"./pipes/slice_pipe","export":["SlicePipe"]},{"from":"./pipes/uppercase_pipe","export":["UpperCasePipe"]}]}