{"__symbolic":"module","version":1,"metadata":{"COMPILER_PROVIDERS":{"__symbolic":"error","message":"Reference to a local symbol","line":45,"character":5,"context":{"name":"_NO_XHR"}},"RuntimeCompilerFactory":{"__symbolic":"class","decorators":[{"__symbolic":"call","expression":{"__symbolic":"reference","module":"@angular/core","name":"Injectable"}}],"members":{"__ctor__":[{"__symbolic":"constructor","parameterDecorators":[[{"__symbolic":"call","expression":{"__symbolic":"reference","module":"@angular/core","name":"Inject"},"arguments":[{"__symbolic":"reference","module":"@angular/core","name":"COMPILER_OPTIONS"}]}]],"parameters":[{"__symbolic":"reference","name":"Array","arguments":[{"__symbolic":"reference","module":"@angular/core","name":"CompilerOptions"}]}]}],"createCompiler":[{"__symbolic":"method"}]}},"platformCoreDynamic":{"__symbolic":"call","expression":{"__symbolic":"reference","module":"@angular/core","name":"createPlatformFactory"},"arguments":[{"__symbolic":"reference","module":"@angular/core","name":"platformCore"},"coreDynamic",[{"provide":{"__symbolic":"reference","module":"@angular/core","name":"COMPILER_OPTIONS"},"useValue":{},"multi":true},{"provide":{"__symbolic":"reference","module":"@angular/core","name":"CompilerFactory"},"useClass":{"__symbolic":"reference","name":"RuntimeCompilerFactory"}},{"provide":{"__symbolic":"reference","module":"@angular/core","name":"PLATFORM_INITIALIZER"},"useValue":{"__symbolic":"reference","name":"_initReflector"},"multi":true}]]}},"exports":[{"from":"./template_parser/template_ast"},{"from":"./template_parser/template_parser","export":["TEMPLATE_TRANSFORMS"]},{"from":"./config","export":["CompilerConfig","RenderTypes"]},{"from":"./compile_metadata"},{"from":"./offline_compiler"},{"from":"./runtime_compiler","export":["RuntimeCompiler"]},{"from":"./url_resolver"},{"from":"./xhr"},{"from":"./directive_resolver","export":["DirectiveResolver"]},{"from":"./pipe_resolver","export":["PipeResolver"]},{"from":"./ng_module_resolver","export":["NgModuleResolver"]}]}