{"__symbolic":"module","version":1,"metadata":{"DirectiveNormalizer":{"__symbolic":"class","decorators":[{"__symbolic":"call","expression":{"__symbolic":"reference","module":"@angular/core","name":"Injectable"}}],"members":{"__ctor__":[{"__symbolic":"constructor","parameters":[{"__symbolic":"reference","module":"./xhr","name":"XHR"},{"__symbolic":"reference","module":"./url_resolver","name":"UrlResolver"},{"__symbolic":"reference","module":"./ml_parser/html_parser","name":"HtmlParser"},{"__symbolic":"reference","module":"./config","name":"CompilerConfig"}]}],"clearCache":[{"__symbolic":"method"}],"clearCacheFor":[{"__symbolic":"method"}],"_fetch":[{"__symbolic":"method"}],"normalizeDirective":[{"__symbolic":"method"}],"normalizeTemplateSync":[{"__symbolic":"method"}],"normalizeTemplateAsync":[{"__symbolic":"method"}],"normalizeLoadedTemplate":[{"__symbolic":"method"}],"normalizeExternalStylesheets":[{"__symbolic":"method"}],"_loadMissingExternalStylesheets":[{"__symbolic":"method"}],"normalizeStylesheet":[{"__symbolic":"method"}]}}}}