{"__symbolic":"module","version":1,"metadata":{"DirectiveResolver":{"__symbolic":"class","decorators":[{"__symbolic":"call","expression":{"__symbolic":"reference","module":"@angular/core","name":"Injectable"}}],"members":{"__ctor__":[{"__symbolic":"constructor","parameters":[{"__symbolic":"reference","module":"../core_private","name":"ReflectorReader"}]}],"resolve":[{"__symbolic":"method"}],"_mergeWithPropertyMetadata":[{"__symbolic":"method"}],"_extractPublicName":[{"__symbolic":"method"}],"_merge":[{"__symbolic":"method"}]}}}}