{"__symbolic":"module","version":1,"metadata":{"CommonModule":{"__symbolic":"class","decorators":[{"__symbolic":"call","expression":{"__symbolic":"reference","module":"@angular/core","name":"NgModule"},"arguments":[{"declarations":[{"__symbolic":"reference","module":"./src/common_directives","name":"COMMON_DIRECTIVES"},{"__symbolic":"reference","module":"./src/pipes","name":"COMMON_PIPES"}],"exports":[{"__symbolic":"reference","module":"./src/common_directives","name":"COMMON_DIRECTIVES"},{"__symbolic":"reference","module":"./src/pipes","name":"COMMON_PIPES"}]}]}]}},"exports":[{"from":"./src/pipes"},{"from":"./src/directives"},{"from":"./src/forms-deprecated"},{"from":"./src/common_directives"},{"from":"./src/location"},{"from":"./src/localization","export":["NgLocalization"]}]}