{"__symbolic":"module","version":1,"metadata":{},"exports":[{"from":"./src/compiler","export":["COMPILER_PROVIDERS","CompileDiDependencyMetadata","CompileDirectiveMetadata","CompileFactoryMetadata","CompileIdentifierMetadata","CompileMetadataWithIdentifier","CompilePipeMetadata","CompileProviderMetadata","CompileQueryMetadata","CompileTemplateMetadata","CompileTokenMetadata","CompileTypeMetadata","CompilerConfig","DEFAULT_PACKAGE_URL_PROVIDER","DirectiveResolver","NgModuleResolver","OfflineCompiler","PipeResolver","RenderTypes","RuntimeCompiler","SourceModule","TEMPLATE_TRANSFORMS","UrlResolver","XHR","analyzeAppProvidersForDeprecatedConfiguration","createOfflineCompileUrlResolver","platformCoreDynamic"]},{"from":"./src/ml_parser/interpolation_config","export":["InterpolationConfig"]},{"from":"./src/schema/element_schema_registry","export":["ElementSchemaRegistry"]},{"from":"./src/template_parser/template_ast"},{"from":"./private_export"}]}