{"__symbolic":"module","version":1,"metadata":{"FORM_DIRECTIVES":[{"__symbolic":"reference","module":"./directives/ng_control_name","name":"NgControlName"},{"__symbolic":"reference","module":"./directives/ng_control_group","name":"NgControlGroup"},{"__symbolic":"reference","module":"./directives/ng_form_control","name":"NgFormControl"},{"__symbolic":"reference","module":"./directives/ng_model","name":"NgModel"},{"__symbolic":"reference","module":"./directives/ng_form_model","name":"NgFormModel"},{"__symbolic":"reference","module":"./directives/ng_form","name":"NgForm"},{"__symbolic":"reference","module":"./directives/select_control_value_accessor","name":"NgSelectOption"},{"__symbolic":"reference","module":"./directives/select_multiple_control_value_accessor","name":"NgSelectMultipleOption"},{"__symbolic":"reference","module":"./directives/default_value_accessor","name":"DefaultValueAccessor"},{"__symbolic":"reference","module":"./directives/number_value_accessor","name":"NumberValueAccessor"},{"__symbolic":"reference","module":"./directives/checkbox_value_accessor","name":"CheckboxControlValueAccessor"},{"__symbolic":"reference","module":"./directives/select_control_value_accessor","name":"SelectControlValueAccessor"},{"__symbolic":"reference","module":"./directives/select_multiple_control_value_accessor","name":"SelectMultipleControlValueAccessor"},{"__symbolic":"reference","module":"./directives/radio_control_value_accessor","name":"RadioControlValueAccessor"},{"__symbolic":"reference","module":"./directives/ng_control_status","name":"NgControlStatus"},{"__symbolic":"reference","module":"./directives/validators","name":"RequiredValidator"},{"__symbolic":"reference","module":"./directives/validators","name":"MinLengthValidator"},{"__symbolic":"reference","module":"./directives/validators","name":"MaxLengthValidator"},{"__symbolic":"reference","module":"./directives/validators","name":"PatternValidator"}]},"exports":[{"from":"./directives/checkbox_value_accessor","export":["CheckboxControlValueAccessor"]},{"from":"./directives/control_value_accessor","export":["ControlValueAccessor"]},{"from":"./directives/default_value_accessor","export":["DefaultValueAccessor"]},{"from":"./directives/ng_control","export":["NgControl"]},{"from":"./directives/ng_control_group","export":["NgControlGroup"]},{"from":"./directives/ng_control_name","export":["NgControlName"]},{"from":"./directives/ng_control_status","export":["NgControlStatus"]},{"from":"./directives/ng_form","export":["NgForm"]},{"from":"./directives/ng_form_control","export":["NgFormControl"]},{"from":"./directives/ng_form_model","export":["NgFormModel"]},{"from":"./directives/ng_model","export":["NgModel"]},{"from":"./directives/number_value_accessor","export":["NumberValueAccessor"]},{"from":"./directives/radio_control_value_accessor","export":["RadioButtonState","RadioControlValueAccessor"]},{"from":"./directives/select_control_value_accessor","export":["NgSelectOption","SelectControlValueAccessor"]},{"from":"./directives/select_multiple_control_value_accessor","export":["NgSelectMultipleOption","SelectMultipleControlValueAccessor"]},{"from":"./directives/validators","export":["MaxLengthValidator","MinLengthValidator","PatternValidator","RequiredValidator"]}]}